,count
pks,48
nasdem,36
demokrat,31
dukung,20
resmi,20
ketua,19
,19
mas,17
allah,17
perubahan,16
dukungan,16
koalisi,16
mari,15
relawan,15
mengusung,15
pemimpin,15
sir,15
selamatkan,15
wakil,14
mendukung,14
oligarki,14
asmara,14
rasyid,14
cerdas,13
tidak,13
menang,13
politik,13
idha,13
lawan,13
cawapres,12
jakarta,12
pasti,11
telah,11
sejahtera,11
lebih,11
mendeklarasikan,11
jangan,11
agar,10
keadilan,10
bersatu,10
warga,10
umum,10
dki,10
bismillah,10
secara,10
jelas,9
the,9
aamiin,9
nama,9
belum,9
seperti,9
didu,9
pdip,9
baik,9
gubernur,8
elektabilitas,8
anak,8
agus,8
lampung,8
didukung,8
harimurti,8
saewad,8
memenangkan,8
masyarakat,8
yudhoyono,8
sangat,8
sehat,8
tunggu,8
jujur,7
oleh,7
negeri,7
cebong,7
percaya,7
para,7
insya,7
cuma,7
siap,7
bacapres,7
semakin,7
semangat,7
swt,6
jawa,6
hasil,6
periode,6
punya,6
benar,6
satu,6
yuk,6
sikap,6
harus,6
klo,6
kalian,6
keturunan,6
doa,6
via,6
deklarasi,6
memiliki,6
dpw,6
cocok,6
timur,6
alloh,6
menyatakan,6
tiga,6
mereka,6
langkah,6
negara,6
mantan,5
selengkapnya,5
lewat,5
selalu,5
luar,5
lupa,5
mana,5
lah,5
kota,5
seluruh,5
kader,5
beberapa,5
ketiga,5
dpp,5
pd,5
salah,5
memilih,5
mendatang,5
pro,5
mengapa,5
menteri,5
kontestasi,5
nkri,5
emang,5
sampe,5
palestina,5
suara,5
surya,5
ulama,5
amin,5
waras,5
usung,5
kamu,4
sosok,4
sandi,4
menyebut,4
lanjutkan,4
mengaku,4
th,4
sampai,4
kakak,4
kadrun,4
cari,4
sbg,4
wes,4
lanjut,4
menyambut,4
sby,4
penting,4
salam,4
ahok,4
kebangsaan,4
menuju,4
menjadikan,4
khofifah,4
akhirnya,4
unggul,4
diri,4
komitmen,4
uno,4
wong,4
pendamping,4
mencalonkan,4
bang,4
nu,4
setelah,4
puan,4
bangsa,4
hti,4
bukti,4
sementara,4
tentu,4
alhamdulillah,4
insyaallah,4
banyak,4
bikin,4
tersebut,4
selamat,4
bagus,4
bursa,4
sekarang,4
berjuang,4
om,4
bagi,4
amerika,4
jateng,4
jauh,4
go,4
menangkan,3
membangun,3
to,3
membentuk,3
memberikan,3
membuat,3
total,3
denny,3
thn,3
menghadiri,3
muda,3
teriakan,3
bpk,3
netral,3
terlarang,3
nasional,3
nasibnya,3
narasi,3
muhaimin,3
mrk,3
andai,3
moeldoko,3
cara,3
melihat,3
tim,3
tinggal,3
mengungkapkan,3
tinggi,3
mengumumkan,3
memang,3
kriteria,3
md,3
mantap,3
justru,3
februari,3
adanya,3
fokus,3
yakni,3
jahat,3
isu,3
fpi,3
gagal,3
islam,3
is,3
yaman,3
ikhtiar,3
ibu,3
ia,3
gerung,3
hidup,3
gmki,3
goblog,3
gus,3
gub,3
wayahe,3
kandidat,3
karna,3
disampaikan,3
maka,3
majelis,3
mahfud,3
lu,3
lihat,3
lembaga,3
dinilai,3
kubu,3
disambut,3
padahal,3
kasih,3
kpu,3
koordinator,3
klik,3
diusung,3
kini,3
video,3
kemenangan,3
kayak,3
kata,3
organisasi,3
gue,3
atas,3
saatnya,3
silahkan,3
sabar,3
pun,3
berkoalisi,3
sukses,3
biar,3
bahagia,3
best,3
ps,3
sekali,3
berada,3
tangan,3
perjanjian,3
sj,3
pertarungan,3
syaikhu,3
soal,3
sayang,3
bentuk,3
asal,3
tanda,3
sambut,3
belah,3
pemenangan,3
bener,3
sepakat,3
rocky,3
supaya,3
rencana,3
rezim,3
berharap,3
pusat,3
paloh,3
siapapun,3
suroboyo,3
semarang,3
kebijakan,2
kebanggaan,2
retweet,2
suka,2
kecil,2
vs,2
republik,2
rupanya,2
kuasa,2
kuat,2
waktu,2
walau,2
kaum,2
kau,2
katanya,2
kurang,2
samosir,2
kedatangan,2
keduanya,2
ridho,2
saksi,2
usul,2
kira,2
klu,2
urusan,2
kompas,2
said,2
khaeron,2
komunis,2
sosial,2
vidio,2
votes,2
untukindonesia,2
ketika,2
vote,2
kesepakatan,2
kesamaan,2
kepala,2
kepadaanies,2
kelompok,2
rindu,2
sajak,2
gunakan,2
kapasitas,2
hoax,2
ingat,2
incumbent,2
in,2
iman,2
ikut,2
ikn,2
yarobbal,2
id,2
sendiri,2
husin,2
hukum,2
hubungannya,2
senior,2
seorang,2
sandiaga,2
hingga,2
heryawan,2
serta,2
herman,2
setiap,2
haul,2
yo,2
youtube,2
yra,2
hadir,2
setuju,2
share,2
zainuddin,2
simbolis,2
simulasi,2
sini,2
sekretariat,2
sohibul,2
santun,2
saran,2
sodare,2
kahmi,2
kafir,2
kursi,2
wis,2
kabinet,2
jumat,2
jgn,2
jember,2
yaa,2
jaya,2
sebelumnya,2
jawaban,2
segar,2
segera,2
januari,2
janji,2
yakin,2
situ,2
sejak,2
sejauh,2
jagokan,2
its,2
sekber,2
satumeja,2
surabaya,2
la,2
time,2
merindukan,2
peneliti,2
merdeka,2
tiba,2
merajut,2
menyusul,2
penghianat,2
tiket,2
menyampaikan,2
penilaian,2
menurunkan,2
peninjauan,2
tanpa,2
menjegal,2
mewujudkan,2
menjawab,2
menilai,2
perjuangkan,2
pernah,2
mengundurkan,2
pernyataan,2
persoalan,2
tirta,2
shihab,2
menegaskan,2
tjandra,2
mendorong,2
mending,2
pendapat,2
milih,2
tokoh,2
terang,2
paling,2
pandang,2
terima,2
ojo,2
nul,2
terbaik,2
no,2
terlalu,2
next,2
partainya,2
pasangan,2
termasuk,2
nasionalis,2
tenun,2
minta,2
tengah,2
peking,2
peluang,2
terserah,2
pembenci,2
naik,2
mz,2
munafik,2
mulai,2
pembina,2
tegas,2
pencalonan,2
modal,2
mendengar,2
perwakilan,2
real,2
loe,2
tumbuh,2
manusia,2
turut,2
tweet,2
uda,2
mampu,2
makan,2
puncak,2
mahasiswa,2
maharani,2
maha,2
udah,2
ujung,2
litbang,2
tugas,2
link,2
putra,2
rabu,2
legowo,2
rakernas,2
ummat,2
rame,2
omongan,2
langsung,2
umumkan,2
langit,2
umumnya,2
lain,2
tukang,2
masa,2
taipan,2
pingin,2
piagam,2
menambah,2
memutuskan,2
memperkenalkan,2
mempan,2
meminta,2
tolong,2
pileg,2
pimpinan,2
memenuhi,2
trust,2
tua,2
pindah,2
pkb,2
mashaallah,2
memberi,2
membawa,2
membantah,2
memastikan,2
positif,2
melu,2
melindungi,2
posting,2
media,2
presidennya,2
matta,2
tudingan,2
masya,2
siaga,2
lupe,2
dimenangkan,2
baiknya,2
fitnah,2
dewan,2
doakan,2
dngn,2
aneh,2
bagian,2
dll,2
betul,2
cawapresnya,2
bgmn,2
berikut,2
ambang,2
amat,2
amanat,2
bangkit,2
bicara,2
aman,2
forum,2
berhasil,2
dibawah,2
bali,2
disiapkan,2
ali,2
alhmdllh,2
beredar,2
ganti,2
diserang,2
buzzer,2
fenomena,2
center,2
faktanya,2
berjanji,2
dadi,2
dah,2
dulu,2
ehren,2
asli,2
apelo,2
drun,2
apel,2
apapun,2
damai,2
emak,2
apakah,2
berprestasi,2
datang,2
anti,2
empat,2
debat,2
end,2
bersilaturahmi,2
awal,2
cina,2
deh,2
deklarasikan,2
anjing,2
dendam,2
depan,2
berterimakasih,2
gantikan,2
berikan,2
daerah,2
bela,2
akal,2
ajukan,2
dipilih,2
begitu,2
airlangga,2
gerakan,2
berani,2
bekerja,2
buli,2
adapun,2
beda,2
dilayangkan,2
baswedansebagai,2
bulan,2
buka,2
dihadiri,2
barisan,2
boleh,2
baru,2
dimana,2
gratis,2
beneran,2
bro,2
gembira,2
aalamiinn,2
berkualitas,1
berkehendak,1
berlanjut,1
pukul,1
sebabnya,1
poster,1
post,1
belom,1
pula,1
belur,1
bernada,1
pulau,1
berkata,1
potensi,1
berkah,1
sebaiknya,1
benci,1
posisi,1
benderang,1
purna,1
sampah,1
purnomo,1
purple,1
berjaya,1
belakangan,1
santai,1
begini,1
publik,1
program,1
protokoler,1
beang,1
proyek,1
berkomunikasi,1
sdr,1
saudara,1
presidium,1
presidenyg,1
seandainy,1
psi,1
psrebo,1
putih,1
ptun,1
sebab,1
presidenya,1
berkunjung,1
berkeliaran,1
bekingan,1
puang,1
prerogatif,1
puaskah,1
prakasacalon,1
pt,1
rumusan,1
sambutan,1
riau,1
bergerak,1
repot,1
bergabung,1
research,1
beres,1
resminya,1
respect,1
restorasi,1
berenti,1
berarti,1
berencana,1
sah,1
riang,1
berat,1
sakit,1
berdarah,1
sabtu,1
rivalnya,1
rizik,1
berawal,1
robbal,1
robbalalamin,1
berbagai,1
berbeda,1
berbusa,1
rungan,1
ruhut,1
rumah,1
berantakan,1
rekayasa,1
putuskan,1
rakyatnyapun,1
bening,1
qualified,1
rabbana,1
rabbi,1
rumus,1
samawa,1
berjalan,1
radar,1
rajin,1
rakabuming,1
saling,1
beritanya,1
salim,1
salaman,1
redzm,1
ramah,1
ramaikan,1
berita,1
bensin,1
rapat,1
rapatkan,1
rasakan,1
rasyied,1
salahin,1
rating,1
ber,1
popularitas,1
rebut,1
rabbun,1
piloih,1
politisi,1
parpol,1
pasca,1
block,1
pas,1
parte,1
blom,1
parrtai,1
parpolnya,1
parbowo,1
pastikan,1
parawansa,1
blur,1
pantes,1
pantaslah,1
pantas,1
panjenengan,1
panjangbiar,1
bismillahbiizdnillah,1
binasakanindonesia,1
pemecah,1
biji,1
pemberani,1
big,1
pembahasan,1
pemaksa,1
biiznillah,1
pelawak,1
pelantikan,1
pekik,1
pdi,1
pejuang,1
pejabat,1
pegawai,1
peduli,1
peci,1
pe,1
bilang,1
pang,1
pandas,1
pandapotan,1
of,1
bong,1
bonus,1
olygarky,1
bos,1
bpopkk,1
okesip,1
brani,1
nyatakan,1
bocil,1
nyapres,1
nyangkut,1
nyaman,1
nyalon,1
nyala,1
nurut,1
nurdin,1
on,1
ongkir,1
orangorang,1
organ,1
pancasila,1
panas,1
pan,1
pamor,1
palu,1
bocor,1
bodo,1
pakterus,1
paiiiit,1
pahlawan,1
paham,1
bombay,1
oxford,1
original,1
boneka,1
bidah,1
pemerintah,1
bernafkah,1
pertamina,1
pikiran,1
bersaing,1
phd,1
bersepakat,1
perubahannya,1
bersiap,1
bersih,1
pertahanan,1
pilihannya,1
persyaratan,1
persija,1
persiapan,1
persatuan,1
perpanjangan,1
bersukur,1
bertambah,1
pilgub,1
pilihlah,1
pemilih,1
pintu,1
polhukam,1
polesan,1
poles,1
platform,1
pkstv,1
bernama,1
berniat,1
pinterpinter,1
pilkada,1
pinter,1
berpesan,1
berpolitik,1
pinangan,1
berpotensi,1
pimpin,1
sebuah,1
permintaanku,1
perlahan,1
perkembangandata,1
biang,1
pengamat,1
pengajian,1
penetapan,1
pendukungnya,1
pendukung,1
pendiri,1
pendeta,1
pencoblosan,1
perkembangan,1
biarkan,1
penasihat,1
penanda,1
pemuda,1
pemiu,1
biarpun,1
pemilugembira,1
pengecutmasih,1
beserta,1
pengikut,1
besartapi,1
perkataan,1
bertekad,1
berteriak,1
perintah,1
bertugas,1
percaturan,1
peratandingan,1
perannu,1
perangi,1
penuh,1
berturutturut,1
penjilat,1
penjara,1
penipu,1
berubah,1
bayangin,1
guling,1
sebut,1
tin,1
ampe,1
tmnx,1
an,1
tirulah,1
and,1
tingkat,1
anggep,1
anggota,1
tokohtokoh,1
timnas,1
aniesandhika,1
aniesbaswedan,1
tikung,1
aniesbaswedansebagai,1
aniesjohanes,1
aniesmaras,1
aminkan,1
tokohtokohnya,1
alm,1
tugasmu,1
tunjukkan,1
alumni,1
ama,1
tumbangkan,1
tujuan,1
tuhan,1
tugu,1
amanahnya,1
amien,1
tuan,1
tsamara,1
tri,1
ambisi,1
topik,1
top,1
tonton,1
aniesnya,1
tiaptiap,1
tiap,1
tercinta,1
terlaksana,1
terkini,1
terjamin,1
terimakasih,1
antusias,1
terdalam,1
terdaftar,1
terburuk,1
thresshold,1
terbukti,1
terbuka,1
teratas,1
terangterangan,1
apalagi,1
terancam,1
apalah,1
antara,1
antar,1
terlebih,1
terlepas,1
aniesok,1
aniessandi,1
thdp,1
thayyibatun,1
aniessmg,1
tetapkan,1
tertulisnya,1
tertinggi,1
ank,1
terpenuhi,1
terpenting,1
terpecah,1
terpampang,1
ansari,1
terlewatkan,1
turun,1
tv,1
bawedan,1
agama,1
adjie,1
welly,1
welcome,1
wekasan,1
adl,1
wasekjen,1
agak,1
wapres,1
wilayah,1
wanita,1
wancine,1
wananies,1
wan,1
agenda,1
waktunya,1
aher,1
wib,1
adil,1
allahqodarullah,1
yee,1
zm,1
aak,1
yudhoyonosby,1
aamiiin,1
aamiinn,1
abaikan,1
abis,1
yau,1
adem,1
yatim,1
abisin,1
absen,1
abud,1
acara,1
yaitu,1
wonge,1
ahoker,1
wajib,1
wajar,1
alhamdulillahbarakallahufiqum,1
undang,1
umur,1
alasannya,1
alatas,1
alex,1
alfaraby,1
umar,1
ukraina,1
wahhh,1
ujungnya,1
ujar,1
alias,1
ucapan,1
ucap,1
uang,1
tws,1
alasan,1
unggulan,1
universitas,1
alamin,1
wagub,1
wa,1
aje,1
ajeg,1
visioner,1
akhir,1
uud,1
akhirakhir,1
akhlakul,1
usai,1
urusin,1
aku,1
urus,1
upah,1
akur,1
tentang,1
tenane,1
temantemanmu,1
sepekan,1
seru,1
bangagoengdua,1
serikat,1
serang,1
seputaran,1
sepertinya,1
banget,1
sepat,1
sesuatu,1
bangli,1
seolah,1
senjata,1
bangsamerusak,1
senilai,1
senggol,1
seng,1
sesama,1
bandung,1
tema,1
baldatun,1
bahas,1
simak,1
silaturahmi,1
bahtera,1
bakalan,1
siapakah,1
balas,1
sia,1
bandit,1
sholihiiin,1
sholeh,1
balong,1
sgt,1
sgl,1
sewajarnya,1
bambang,1
bangsanya,1
senantiasa,1
semuany,1
bawa,1
basmi,1
sekalian,1
batal,1
sejumlah,1
batas,1
sejalan,1
batu,1
sehingga,1
bangsawan,1
bawang,1
seharusmya,1
segitunya,1
bawaslu,1
baweano,1
sedikit,1
sedang,1
sekelas,1
sekitar,1
sekitarnya,1
baruanies,1
sembari,1
sembarangan,1
bantahkita,1
banten,1
semakon,1
banteng,1
bantu,1
selesai,1
baperan,1
selatan,1
barakallahufiqum,1
selama,1
selain,1
sekrng,1
brin,1
simfoni,1
simpul,1
baha,1
syaa,1
tajem,1
as,1
tahu,1
taat,1
syura,1
syarat,1
asean,1
susi,1
sulung,1
assalamualaikum,1
asyik,1
at,1
ataupun,1
suparwoto,1
sungguh,1
sungai,1
takdirkanlah,1
takjub,1
takut,1
takutin,1
tekadkan,1
apik,1
taunya,1
tatanegara,1
taslim,1
aqil,1
tangani,1
tanganan,1
arb,1
tanding,1
tandatangani,1
tandain,1
arif,1
tambah,1
takzim,1
sumpah,1
suku,1
sindiran,1
siyohanes,1
babak,1
soalnya,1
baca,1
smrc,1
smg,1
skenario,1
badan,1
baduy,1
atrbpn,1
sitindaon,1
sistem,1
sisi,1
sisa,1
siradj,1
sip,1
bah,1
baal,1
solidaritas,1
solone,1
ayooo,1
aturan,1
sugeng,1
sudut,1
sudirman,1
subur,1
subuh,1
studies,1
struktur,1
stress,1
strata,1
stadion,1
spekluasi,1
spa,1
ayo,1
sosiolog,1
bravo,1
nex,1
ntar,1
kecuali,1
kejadian,1
kehidupanku,1
kegiatan,1
dony,1
kediri,1
kedepan,1
dpr,1
kebingungan,1
kelaut,1
kebijakannya,1
duel,1
keberhasilannya,1
keberhasilan,1
kebelet,1
duet,1
duking,1
kelak,1
keliling,1
keanggotaan,1
kendal,1
kepilih,1
kepemimpinan,1
kepedulian,1
dobol,1
dokumen,1
kendor,1
kendaraan,1
kenapa,1
dont,1
kemungkinan,1
dong,1
kemauan,1
kemana,1
keluyuran,1
kelupa,1
keluarga,1
kebaikan,1
keajaiban,1
lancar,1
kalianagar,1
kandung,1
eksekusi,1
kancah,1
kanal,1
eluh,1
kamis,1
kalimantangaungkan,1
kali,1
kanjuruhn,1
kaleng,1
kalbar,1
kalangan,1
kalahkan,1
kalahin,1
emil,1
kaka,1
kang,1
kans,1
dukungdan,1
kasus,1
kaya,1
kawal,1
dunia,1
duren,1
katsiransmg,1
dusun,1
dyandra,1
edan,1
kantor,1
karya,1
karno,1
karir,1
karimah,1
karakter,1
eks,1
kapan,1
keraguan,1
keren,1
kerjasama,1
kriminalisasi,1
dirs,1
kualitas,1
ku,1
krpanasan,1
kroconya,1
disampaikannya,1
kristen,1
kpilih,1
dirindukan,1
kpd,1
disetiap,1
koruptor,1
korupsi,1
korps,1
koorpres,1
disiarkan,1
dirinya,1
kunjungi,1
keruk,1
lainjgn,1
lambungkan,1
lama,1
lalu,1
lali,1
lakon,1
lainnyaanies,1
lainnya,1
dinegeri,1
dipimpinsusilo,1
dipenuhi,1
laga,1
kyak,1
kyai,1
kutukan,1
kusumaatmadja,1
dipilpres,1
konsolidasi,1
konser,1
konsekuensi,1
ketat,1
khittahnya,1
khilafah,1
khairan,1
kh,1
keyakinan,1
doain,1
doaku,1
ketahuanmasih,1
koncoku,1
kesumat,1
keseriusan,1
doang,1
kesehatan,1
kesedihan,1
kesampaian,1
doank,1
dl,1
kian,1
dkk,1
dkhianati,1
ditandatanganinya,1
komplek,1
ditarungkan,1
kompak,1
ditetapkan,1
kolaborasi,1
ditunggu,1
dituruni,1
klojotan,1
diumumkannya,1
diungkapkan,1
kitaundang,1
kitastop,1
kitakonstitusi,1
kirain,1
emosi,1
kah,1
kagak,1
gemuk,1
gedung,1
identitas,1
ide,1
gelora,1
ibukota,1
gemetar,1
hutang,1
gencet,1
gaya,1
hujan,1
geng,1
horenya,1
hore,1
gerombolan,1
hmi,1
ghafur,1
ijtima,1
gassss,1
insyallh,1
indikator,1
insyaaallah,1
ganteng,1
institute,1
inshaallah,1
iniahy,1
indonesianegaranya,1
indonesian,1
indepnden,1
ikp,1
indar,1
indah,1
gara,1
garda,1
ilusi,1
ilc,1
garis,1
hindari,1
himpunan,1
hijrah,1
habliy,1
halid,1
hakim,1
hak,1
haji,1
hafal,1
hadiri,1
hadapan,1
habitat,1
gibran,1
habis,1
habib,1
gusti,1
gusdur,1
grusagrusu,1
guruh,1
gunung,1
halu,1
haluan,1
hampir,1
harapan,1
herzaky,1
gimana,1
hermawi,1
goal,1
hebat,1
hayo,1
golput,1
hatilah,1
hati,1
hassan,1
golputtoh,1
hasibuan,1
governor,1
hartarto,1
gp,1
gang,1
intelektualitas,1
kaga,1
feb,1
jiah,1
fajrul,1
jernih,1
fakta,1
jegal,1
jazakumullahsmg,1
jazakumullah,1
jawane,1
jkw,1
febuari,1
jatuh,1
jatim,1
fix,1
jatah,1
jasmaniamprohani,1
jare,1
jis,1
jlnnama,1
intergitas,1
junjungannya,1
emosional,1
kadernya,1
kaderisasi,1
enggak,1
kabah,1
enjeull,1
juru,1
era,1
joedaprawira,1
etho,1
judul,1
juara,1
joni,1
jokower,1
johnny,1
joglo,1
fkm,1
janjiin,1
flash,1
israel,1
izin,1
iya,1
itutoh,1
formula,1
isyaallah,1
istana,1
issue,1
islami,1
foe,1
gagas,1
isc,1
gampang,1
ireng,1
intoleransi,1
internasional,1
internal,1
ja,1
jabar,1
jabat,1
jabatan,1
jancokkkkk,1
jamur,1
jambi,1
jaman,1
jalur,1
jalanpak,1
jalan,1
jakii,1
follbacknya,1
foolitik,1
forkanies,1
jagalah,1
jadilah,1
jadikan,1
jabatannya,1
dinantikan,1
dinamika,1
nng,1
cek,1
meramaikan,1
cebongbuzzer,1
merah,1
cebongmove,1
menyepakati,1
menyelamatkan,1
menyebutpak,1
cemas,1
merasa,1
menyangkut,1
cepat,1
menurut,1
ceramahnya,1
chairul,1
mentri,1
mention,1
merapat,1
merasakan,1
menteng,1
mestinya,1
mimpi,1
capek,1
miliar,1
milenial,1
milad,1
mikir,1
capture,1
mesti,1
meraup,1
meski,1
merupakan,1
merubah,1
catat,1
meridhoi,1
cc,1
mercy,1
chusnul,1
mentaqdirkan,1
dilihat,1
mengetuk,1
menghambat,1
cuman,1
menggunakan,1
menggulung,1
menggelar,1
menggaung,1
menggantikan,1
mengejek,1
menghantarkan,1
mengawinkan,1
mengatakan,1
curang,1
mengantongi,1
mengangkatnya,1
cyber,1
mengajar,1
menghambatnya,1
menghapus,1
menpora,1
cinta,1
menolong,1
menko,1
menjelaskan,1
cia,1
cikalbakal,1
menjalankan,1
menjaga,1
clev,1
mengharum,1
mengurus,1
coba,1
consulting,1
convention,1
mengulas,1
mengukuhkan,1
menghendaki,1
minas,1
minggu,1
mingkem,1
negarawan,1
new,1
bubarin,1
netizen,1
nerima,1
nenang,1
nembak,1
budi,1
budimab,1
bu,1
ndi,1
natalegawa,1
nat,1
bulatkan,1
nasi,1
narasinya,1
bung,1
gunawan,1
ngadih,1
capaian,1
ngitung,1
brsm,1
ninggalke,1
niatapapun,1
niat,1
ngusung,1
ngototnya,1
ngoten,1
ngikutin,1
ngapain,1
nggih,1
nggak,1
ngeles,1
ngehe,1
ngaruh,1
ngarep,1
ngarai,1
nape,1
nangkap,1
nangis,1
mr,1
mudik,1
mudahkan,1
mudahan,1
mudah,1
cacadnya,1
calonpresiden,1
mranies,1
mp,1
namun,1
moment,1
mohon,1
campur,1
modus,1
model,1
capai,1
mochtar,1
mufti,1
cabang,1
buzzerp,1
mulut,1
nampak,1
namany,1
bungkus,1
najwa,1
buruan,1
nah,1
na,1
butuh,1
mutlak,1
musni,1
musim,1
murtadin,1
mungkin,1
muncul,1
mumpung,1
mengajak,1
menetapkan,1
menerapkan,1
mahasin,1
makanya,1
digadang,1
digadanggadang,1
majunya,1
digelar,1
digenjet,1
mahendra,1
dihalangi,1
makmur,1
dihati,1
madya,1
madura,1
madin,1
maaf,1
aahhh,1
lupakan,1
makar,1
malam,1
dicari,1
mantapsemoga,1
marufamin,1
marty,1
markotop,1
maringi,1
didoakan,1
maraknya,1
diduetkan,1
mantappp,1
maling,1
diem,1
difavoritkan,1
mantabbmulai,1
mantaappp,1
mandat,1
difilter,1
difitnah,1
diinginkan,1
lunak,1
lulung,1
dilantik,1
lepas,1
dilakukan,1
lele,1
lek,1
leher,1
dilanjutkan,1
legislatif,1
leaderships,1
diisi,1
lbp,1
lawannya,1
lawaann,1
lari,1
lantik,1
lantang,1
dilema,1
level,1
diktator,1
lha,1
diksinyainsya,1
dijajah,1
lsi,1
love,1
loren,1
loohh,1
londo,1
lokasi,1
logo,1
dijemput,1
lo,1
dijkt,1
dikasih,1
lindungilah,1
lima,1
like,1
didaki,1
masalah,1
menentukan,1
memosting,1
men,1
dasar,1
memulihkan,1
memudahkan,1
mempersilakan,1
memperbaiki,1
deadlock,1
memintanya,1
darahnya,1
memimpin,1
dekat,1
demi,1
memegang,1
memecah,1
membusuk,1
membersihkan,1
menaikkan,1
darah,1
dicalonkan,1
dakuh,1
menemui,1
menempati,1
dada,1
mendoakan,1
daerahnya,1
dahulu,1
mendatangi,1
mendapatkan,1
menangnya,1
mendampinginya,1
mendampingi,1
mendaftarkan,1
mendaftar,1
dalih,1
menarik,1
menanti,1
depe,1
des,1
membenci,1
mbiyen,1
melakukan,1
mekar,1
megawati,1
mega,1
meet,1
dibawabawa,1
medanyang,1
mausia,1
membela,1
diblock,1
mati,1
dibodohi,1
dibuat,1
masuk,1
masok,1
masjid,1
melakukannya,1
melancarkan,1
melanggar,1
melanjutkan,1
desa,1
membantu,1
desi,1
detikbali,1
membanggakan,1
membaca,1
diambil,1
memanfaatkan,1
memaksimalkan,1
meluncurkan,1
meluluskan,1
diangkat,1
diaspora,1
dibahas,1
melawan,1
zoom,1
