,0
0,cebong
1,kampret
2,pensiun
3,amien
4,rais
5,pilih
6,gagal
7,calon
8,pilpres
9,nan
10,sngt
11,tergantung
12,terpilih
13,berfikir
14,intelektual
15,ikutan
16,wibawa
17,membantu
18,kondisi
19,ekonomi
20,indonesia
21,model
22,jokowi
23,ikutan
24,dl
25,jaman
26,sby
27,fahnoor
28,inismyname
29,ramadhan
30,berdoa
31,yuk
32,aminkan
33,terbaik
34,tokoh
35,smoga
36,calon
37,smoga
38,aaaamiiiinnnn
39,look
40,jadiin
41,sang
42,pelanggar
43,ham
44,berat
45,indonesia
46,rip
47,mark
48,hotman
49,kerasa
50,sold
51,out
52,alice
53,in
54,borderland
55,yana
56,quora
57,bima
58,bank
59,jihyo
60,blink
61,cat
62,chanyeol
63,tanoe
64,selamat
65,mempelai
66,berdua
67,selamat
68,hary
69,tanoe
70,acara
71,pencatatan
72,pernikahannya
73,disaksikan
74,era
75,berbeda
76,jokowi
77,mengusung
78,calon
79,pilpres
80,zulkifli
81,hasan
82,bantah
83,isu
84,koalisi
85,dukung
86,capres
87,obrolan
88,sanasini
89,isu
90,pan
91,dukung
92,tok
93,ketua
94,gerindra
95,calon
96,capres
97,usungan
98,koalisi
99,dibantah
100,zulkifli
101,hasan
102,inismyname
103,anak
104,muda
105,cerdas
106,inshaallah
107,inismyname
108,calon
109,kalinya
110,puan
111,vs
112,khofifah
113,inismyname
114,tuk
115,endorse
116,jikiwi
117,inismyname
118,perh
119,beliau
120,pimpin
121,teruji
122,disegi
123,pemerintahan
124,beliau
125,bergabung
126,rival
127,samadan
128,hutang
129,numpuk
130,korup
131,dimana
132,manabanyak
133,takdirnya
134,abu
135,janda
136,uang
137,juta
138,ds
139,ndak
140,abu
141,janda
142,kasih
143,uang
144,juta
145,ds
146,inismyname
147,nggak
148,bakat
149,bakatnya
150,sebatas
151,capres
152,pilpres
153,gagal
154,jatah
155,menhan
156,kah
157,buka
158,ramadhan
159,masyarakat
160,rancabali
161,sukaresmi
162,silaturahmi
163,ramadhan
164,soreang
165,kab
166,bandung
167,habib
168,jafar
169,bertemu
170,donk
171,aleh
172,inismyname
173,si
174,bikin
175,polling
176,buktiin
177,tulisan
178,si
179,paham
180,ngga
181,lo
182,inismyname
183,ps
184,calon
185,inismyname
186,iya
187,jokowi
188,didukung
189,gerindra
190,fahnoor
191,inismyname
192,visi
193,dng
194,misi
195,capres
196,beda
197,sunny
198,tanuwidjaya
199,ngaku
200,oposisi
201,penguasa
202,oligarki
203,pro
204,penguasa
205,pro
206,penguasa
207,dng
208,tunggangi
209,ramadhan
210,kareeem
211,tiada
212,konsolidasi
213,kesimpulan
214,wapres
215,dah
216,panik
217,muhaimin
218,iskandar
219,siapkan
220,koalisi
221,jelang
222,pilpres
223,suksesi
224,milik
225,jokowi
226,prediksi
227,pribadi
228,kehadiran
229,ketum
230,perjuangan
231,menhan
232,hut
233,tni
234,au
235,moment
236,menyatukan
237,visi
238,calon
239,sdgkan
240,jateng
241,fix
242,gp
243,cawapres
244,anakkolong
245,menggoda
246,yusril
247,mendukungnya
248,calon
249,capres
250,pilpres
251,andre
252,rosiade
253,menyebut
254,solusi
255,keberlanjutan
256,pemerintahan
257,joko
258,widodo
259,jokowi
260,selesai
261,pilpres
262,megawati
263,vs
264,sby
265,boediono
266,semeja
267,makan
268,rusuh
269,pasukan
270,hore
271,sampe
272,rela
273,demo
274,berjilid
275,rela
276,mati
277,idola
278,radikal
279,radikul
280,khilafahpki
281,idola
282,abg
283,sate
284,dorong
285,gerobak
286,semoga
287,cerdas
288,inismyname
289,orang
290,menteripun
291,ngapain
292,didukung
293,mr
294,gagal
295,bertanggung
296,buzzer
297,mr
298,udah
299,buzzerrp
300,rezim
301,disalahkan
302,orang
303,dampak
304,bacapresnya
305,kolam
306,rezim
307,inismyname
308,satusatunya
309,calon
310,dipinang
311,menteriogah
312,milih
313,lagitak
314,koarkoar
315,sok
316,visi
317,misi
318,berkorban
319,beliaubahkan
320,relawan
321,anakanak
322,korban
323,jiwabeliau
324,empati
325,prabowoganjaranies
326,orang
327,calon
328,menurutmu
329,suara
330,ayo
331,dipilih
332,dipilih
333,ditutup
334,besok
335,senin
336,jam
337,devout
338,trawang
339,jalur
340,langit
341,keknya
342,main
343,politik
344,identitas
345,perjuangan
346,tunduk
347,loyal
348,instruksi
349,partai
350,perjuangan
351,mendukung
352,pakde
353,indonesia
354,sandiaga
355,uno
356,wacana
357,dampingi
358,pilpres
359,restu
360,acuan
361,sandiaga
362,uno
363,wacana
364,dipasangkannya
365,calon
366,capres
367,usungan
368,nasdem
369,restu
370,acuan
371,fahnoor
372,inismyname
373,setuju
374,dukung
375,ps
376,menterinya
377,pengamat
378,politik
379,pangi
380,syarwi
381,chaniago
382,menilai
383,duet
384,gubernur
385,jateng
386,menhan
387,pasangan
388,calon
389,capres
390,calon
391,wakil
392,cawapres
393,berpeluang
394,memenangkan
395,pilpres
396,duet
397,ganjarprabowo
398,terealisi
399,peluang
400,menang
401,pemilu
402,duet
403,berpeluang
404,jokowi
405,dukungan
406,tokoh
407,lingkungan
408,politik
409,didu
410,hasan
411,koalisi
412,capresnya
413,dijamin
414,sulit
415,menang
416,pilpres
417,koalisi
418,partai
419,politik
420,diikuti
421,ketokohan
422,calon
423,calon
424,wakil
425,diusung
426,inismyname
427,fahnoor
428,langkah
429,penghapusan
430,oligarki
431,shering
432,season
433,pemuda
434,kec
435,pemengpeuk
436,diskusi
437,komunitas
438,kepemudaan
439,andre
440,rosiade
441,tokoh
442,pemersatu
443,bangsa
444,cocok
445,inismyname
446,samosir
447,konon
448,inismyname
449,merangkul
450,kelompok
451,radikal
452,pilu
453,diam
454,bersikap
455,politik
456,rasis
457,dimainkan
458,pilkada
459,sulit
460,dilupakan
461,so
462,no
463,nasionalis
464,diam
465,bersikap
466,intoleransi
467,issue
468,diam
469,istana
470,inismyname
471,fahnoor
472,slogannya
473,jokowi
474,gitu
475,jokowi
476,koruptor
477,tiarap
478,mati
479,kutu
480,dipakai
481,jgn
482,banyakin
483,umbar
484,slogan
485,rakyat
486,enek
487,dukung
488,sby
489,sby
490,jokowi
491,jokowi
492,dukung
493,jokowi
494,jokowi
495,dukung
496,maju
497,capres
498,garis
499,nasib
500,pintar
501,berteori
502,program
503,bermanfaat
504,air
505,dimasukkan
506,tanah
507,dp
508,nol
509,persen
510,memimpin
511,rakyat
512,juta
513,jiwa
514,cerai
515,berai
516,deh
517,melindungi
518,orang
519,melanggar
520,hukum
521,fahnoor
522,inismyname
523,layak
524,menteri
525,pertanian
526,ttp
527,opung
528,all
529,in
530,silaturahmi
531,diskusi
532,masyarakat
533,pelaku
534,usaha
535,umkm
536,kabupaten
537,bandung
538,bersuara
539,game
540,over
541,jokowi
542,sulit
543,baginya
544,dukungan
545,kalkulasi
546,politiknya
547,berubah
548,its
549,time
550,for
551,acara
552,deklarasi
553,diinisiasi
554,dewan
555,pimpinan
556,pusat
557,jokowi
558,mania
559,nusantara
560,dpp
561,joman
562,dipimpin
563,immanuel
564,ebenezer
565,ribuan
566,orang
567,daerah
568,tujuan
569,mendeklarasikan
570,indonesia
571,ditandai
572,digelarnya
573,deklarasi
574,gedung
575,joeang
576,menteng
577,raya
578,jakarta
579,pusat
580,minggu
581,jakarta
582,relawan
583,repro
584,kawal
585,pemilu
586,inismyname
587,fahnoor
588,dengar
589,cerita
590,terdepak
591,cendana
592,terkait
593,orba
594,menantu
595,soeharto
596,menghidupkan
597,orba
598,orba
599,mah
600,hoaks
601,isapan
602,jempol
603,pembunuhan
604,karakter
605,menilai
606,beliau
607,pemilihan
608,inismyname
609,fahnoor
610,pengalaman
611,giliran
612,indonesia
613,raya
614,ajak
615,rakyat
616,hindari
617,perpecahan
618,netizen
619,semoga
620,andre
621,rosiade
622,tokoh
623,pemersatu
624,bangsa
625,cocok
626,acara
627,deklarasi
628,diinisiasi
629,dewan
630,pimpinan
631,pusat
632,jokowi
633,mania
634,nusantara
635,dpp
636,joman
637,dipimpin
638,immanuel
639,ebenezer
640,ribuan
641,orang
642,daerah
643,tujuan
644,mendeklarasikan
645,indonesia
646,letnan
647,jenderal
648,purnawirawan
649,republik
650,indonesia
651,perwakilan
652,pengurus
653,mania
654,membacakan
655,deklarasi
656,ditandai
657,digelarnya
658,deklarasi
659,gedung
660,joeang
661,menteng
662,raya
663,jakarta
664,pusat
665,minggu
666,bismillah
667,melanjutkan
668,pembangunan
669,next
670,all
671,in
672,the
673,next
674,hasan
675,the
676,next
677,hubungan
678,nampaknya
679,merenggang
680,jokowi
681,mengusung
682,pilpres
683,simak
684,youtube
685,channel
686,metrotvnews
687,link
688,menyalurkan
689,suaranya
690,pilihan
691,eko
692,direktur
693,survey
694,and
695,polling
696,indonesia
697,spin
698,igor
699,dirgantara
700,data
701,publik
702,terkait
703,potensi
704,calon
705,capres
706,pemilu
707,berpotensi
708,menghentikan
709,polarisasi
710,masyarakat
711,politikus
712,pdip
713,jokowi
714,king
715,maker
716,capres
717,pilpres
718,head
719,topics
720,politikus
721,pdip
722,jokowi
723,king
724,maker
725,capres
726,pilpres
727,kompas
728,tv
729,bismillah
730,melanjutkan
731,pembangunan
732,next
733,politikus
734,pdip
735,jokowi
736,king
737,maker
738,capres
739,pilpres
740,satunya
741,perubahan
742,pasca
743,pilpres
744,diikuti
745,otomatis
746,menyandang
747,predikat
748,perubahan
749,gerindra
750,jatim
751,anggap
752,jokowi
753,kode
754,keras
755,the
756,next
757,detikjatim
758,airlangga
759,vs
760,khofifah
761,bayangin
762,anggota
763,dewannya
764,cuman
765,sekelas
766,andre
767,rosiade
768,wapres
769,republik
770,dapetnya
771,cuman
772,selevel
773,muhaimin
774,iskandar
775,fahnoor
776,inismyname
777,rujuk
778,bismillah
779,melanjutkan
780,pembangunan
781,next
782,pratama
783,jokowi
784,bahas
785,elektabilitas
786,kib
787,berpeluang
788,koalisi
789,sosok
790,cocok
791,menggantikan
792,kepemimpinan
793,jokowi
794,pasangan
795,maju
796,pilpres
797,ramalan
798,kayaknya
799,dibuka
800,jalannya
801,keren
802,petahana
803,cm
804,menhan
805,melawan
806,melawan
807,berkuasa
808,inismyname
809,fahnoor
810,calon
811,only
812,hayat
813,momen
814,sambungkan
815,gus
816,muhaimin
817,pilpres
818,abu
819,janda
820,bagibagi
821,duit
822,rp
823,juta
824,prediksinya
825,meleset
826,denny
827,siregar
828,deal
829,suarametro
830,calon
831,pasangan
832,indonesia
833,maju
834,mahfud
835,jalan
836,santai
837,puluhan
838,ribu
839,masyarakat
840,musi
841,banyuasin
842,serukan
843,sindonews
844,nasional
845,ngeriiii
846,kepala
847,bin
848,budi
849,gunawan
850,terangan
851,sikap
852,dukungan
853,maju
854,calon
855,mantan
856,kepala
857,bin
858,hendropriyono
859,dpr
860,menghentikan
861,polemik
862,transaksi
863,mencurigakan
864,kemenkeu
865,dibalik
866,elite
867,pdip
868,sejalan
869,piala
870,dunia
871,pilpres
872,diprediksi
873,jokowi
874,lengket
875,mark
876,my
877,word
878,pengangguran
879,mengunggulkan
880,menteri
881,pertahanan
882,calon
883,capres
884,pemilu
885,fix
886,pilih
887,gasskkaannnn
888,berita
889,loyalis
890,gerindra
891,sesulsel
892,deklarasi
893,usung
894,bocorannya
895,ato
896,ato
897,erick
898,thohir
899,puan
900,lanjutin
901,ikn
902,ikutan
903,petunjuk
904,cocok
905,kebangkitannya
906,megawati
907,biar
908,sepuh
909,sepuh
910,wekawekaweka
911,sok
912,sokan
913,menolak
914,wakil
915,ganti
916,ku
917,bener
918,emang
919,mentalnya
920,rusak
921,nan
922,wapres
923,mahfud
924,md
925,patriot
926,partai
927,gerindranya
928,bergabung
929,jokowi
930,harapan
931,doa
932,panjatkan
933,hancur
934,berjuang
935,pilpres
936,lelah
937,udah
938,skr
939,wktnya
940,cemen
941,berat
942,beban
943,utang
944,ugalan
945,indonesia
946,hancur
947,indonesia
948,hebat
949,koq
950,hukuman
951,kpd
952,orang
953,amanah
954,mengkhianati
955,negeri
956,didoakan
957,kunjungi
958,ulama
959,jawa
960,timur
961,for
962,kenyataan
963,ato
964,pilpres
965,berdarahdarah
966,telunjuk
967,dhe
968,jokowi
969,mengarah
970,kpd
971,bgmn
972,serasa
973,bergulir
974,cepat
975,prediksi
976,gus
977,dur
978,usia
979,tua
980,nan
981,orang
982,lupa
983,liat
984,fisiknya
985,lupa
986,kuasa
987,jabatan
988,nahh
989,lengket
990,jokowi
991,pangti
992,abri
993,jabatannya
994,sbg
995,diatas
996,jenderal
997,bintang
998,menjabat
999,kastaf
1000,abri
1001,polri
1002,kunjungi
1003,ulama
1004,jawa
1005,timur
1006,didoakan
1007,preettt
1008,tolak
1009,gnjr
1010,hotel
1011,resto
1012,umkm
1013,rakyat
1014,perhelatan
1015,dunia
1016,berdampak
1017,ekonomi
1018,indonesia
1019,hancur
1020,pemikiran
1021,sempit
1022,bedakan
1023,politik
1024,olahraga
1025,semoga
1026,ketololan
1027,sprt
1028,gnjr
1029,preettt
1030,tolak
1031,gnjr
1032,hotel
1033,resto
1034,umkm
1035,rakyat
1036,perhelatan
1037,dunia
1038,berdampak
1039,ekonomi
1040,indonesia
1041,hancur
1042,pemikiran
1043,sempit
1044,bedakan
1045,politik
1046,olahraga
1047,semoga
1048,ketololan
1049,sprt
1050,gnjr
1051,perkataan
1052,alm
1053,gusdur
1054,terbukti
1055,bpk
1056,puan
1057,maharani
1058,wakil
1059,lupakan
1060,pkb
1061,gadang
1062,cak
1063,imin
1064,wakilnya
1065,pkb
1066,gadang
1067,cak
1068,imin
1069,wakilnya
1070,inismyname
1071,emang
1072,nyalonin
1073,mundurlah
1074,menhan
1075,contohlah
1076,sby
1077,ucapan
1078,jokowi
1079,terbukti
1080,gantian
1081,harga
1082,mati
1083,jagat
1084,papua
1085,republik
1086,indonesia
1087,periode
1088,yes
1089,menganggu
1090,sepakbola
1091,layak
1092,didukung
1093,wkwkwkw
1094,pengamat
1095,jokowi
1096,takkan
1097,dukung
1098,capres
1099,sinyal
1100,dukungan
1101,sedari
1102,jokowi
1103,peluang
1104,perolehan
1105,suara
1106,pemilu
1107,pilpres
1108,anjlok
1109,cenderung
1110,nyungsep
1111,isi
1112,kampanye
1113,jualan
1114,bocor
1115,gagal
1116,meroket
1117,buzzer
1118,mainkan
1119,isu
1120,sara
1121,jelang
1122,pemilu
1123,terkena
1124,sanksi
1125,pidana
1126,menyerang
1127,keyakinan
1128,calon
1129,anggota
1130,legislatif
1131,calon
1132,ditake
1133,down
1134,dilaporkan
1135,polisi
1136,dinilai
1137,calon
1138,potensial
1139,pilpres
1140,dahnil
1141,anzar
1142,simanjuntak
1143,potensi
1144,tribun
1145,bali
1146,pilih
1147,militansi
1148,gerindra
1149,pilpres
1150,terpilih
1151,bali
1152,tribun
1153,bali
1154,kaka
1155,baju
1156,hitam
1157,indonesia
1158,perjuangan
1159,komplit
1160,komando
1161,capres
1162,for
1163,yasalam
1164,indonesia
1165,pilihan
1166,wapres
1167,lawan
1168,kadrunkampret
1169,cebong
1170,bersatu
1171,nkrilawan
1172,kadrun
1173,fpi
1174,hti
1175,khilafahisis
1176,pemilu
1177,pilpres
1178,pemilu
1179,kepala
1180,daerah
1181,pilkada
1182,jokowi
1183,prediksi
1184,alasannya
1185,jokowi
1186,prediksi
1187,alasannya
1188,morningg
1189,kawan
1190,kadung
1191,rusak
1192,ekosistem
1193,tertanya
1194,gagal
1195,banjir
1196,selesaikan
1197,hallo
1198,semoga
1199,sehat
1200,selesaikan
1201,tugas
1202,morningg
1203,kawan
1204,kadung
1205,rusak
1206,ekosistem
1207,tertanya
1208,gagal
1209,banjir
1210,selesaikan
1211,hallo
1212,semoga
1213,sehat
1214,selesaikan
1215,tugas
1216,rahajeng
1217,rahina
1218,nyepi
1219,saka
1220,maret
1221,astungkara
1222,sami
1223,rahayu
1224,contoh
1225,negarawan
1226,keraguan
1227,pilih
1228,diajukan
1229,proposal
1230,politik
1231,jokowi
1232,ketum
1233,pdip
1234,memantapkan
1235,duet
1236,maut
1237,pilpres
1238,inismyname
1239,orang
1240,jahat
1241,pilih
1242,orang
1243,jahat
1244,junjungane
1245,kritik
1246,pribadinya
1247,idola
1248,orang
1249,seenak
1250,jidat
1251,diperlakukan
1252,rasis
1253,tuhan
1254,memisahkan
1255,buruk
1256,hianat
1257,amanah
1258,geng
1259,oportunis
1260,sak
1261,karepe
1262,dewe
1263,gus
1264,kalah
1265,nyalon
1266,ngebet
1267,oposisi
1268,koran
1269,pelita
1270,nan
1271,nan
1272,joko
1273,widodo
1274,subiantoampganjar
1275,elektabilitas
1276,capres
1277,lembaga
1278,survei
1279,pkb
1280,menyebut
1281,kiai
1282,cak
1283,imin
1284,duet
1285,calon
1286,capres
1287,wakil
1288,cawapres
1289,pilpres
1290,indonesia
1291,provinsi
1292,sumatera
1293,utara
1294,sumut
1295,berpotensi
1296,kantong
1297,suara
1298,ketua
1299,kontestasi
1300,pemilihan
1301,pilpres
1302,hasil
1303,musyawarah
1304,rakyat
1305,musra
1306,relawan
1307,jokowi
1308,hasil
1309,forum
1310,khusus
1311,kiri
1312,dijinakkan
1313,periode
1314,anakkolong
1315,jokowi
1316,wakil
1317,konstitusi
1318,indonesia
1319,nggak
1320,butuh
1321,pemimpin
1322,plonga
1323,plongo
1324,kagetan
1325,tolong
1326,salah
1327,wapres
1328,hindari
1329,kaget
1330,makassar
1331,wujudkan
1332,kemenangan
1333,gerindra
1334,menangdipemilu
1335,ewako
1336,wacana
1337,menduetkan
1338,pilpres
1339,penolakan
1340,pkb
1341,partai
1342,gerindra
1343,pdip
1344,kadernya
1345,calon
1346,sang
1347,kali
1348,memperkenalkan
1349,capres
1350,gerindra
1351,pastikan
1352,proyek
1353,ikn
1354,terpilih
1355,detiknews
1356,silaturahmi
1357,emakemak
1358,aan
1359,sosialisasikan
1360,makassar
1361,terkini
1362,abu
1363,janda
1364,meleset
1365,bakalg
1366,cocok
1367,capres
1368,prabowoganjar
1369,capres
1370,gantian
1371,ganjarprabowo
1372,arb
1373,kali
1374,gagal
1375,hatihati
1376,pilih
1377,pasangan
1378,pilpres
1379,jokowi
1380,nyapres
1381,lihat
1382,elektabilitas
1383,pilpres
1384,menempati
1385,urutan
1386,indonesia
1387,isu
1388,duet
1389,prabowoganjar
1390,pilpres
1391,berembus
1392,mendampingi
1393,jokowi
1394,acara
1395,panen
1396,raya
1397,kabupaten
1398,kebumen
1399,jawa
1400,kamis
1401,acara
1402,bertiga
1403,swafoto
1404,sawah
1405,cek
1406,berita
1407,gerindra
1408,lanjutkan
1409,pembangunan
1410,ikn
1411,terpilih
1412,kompas
1413,tv
1414,fahnoor
1415,inismyname
1416,aamiin
1417,mania
1418,respons
1419,wacana
1420,duet
1421,ganjarprabowo
1422,bismillahprabowo
1423,bismillahprabowo
1424,bismillahprabowo
1425,bismillahprabowo
1426,sang
1427,kali
1428,memperkenalkan
1429,capres
1430,tetaplah
1431,tujuan
1432,sesuai
1433,amanat
1434,rapimnas
1435,imbuhnya
1436,posisi
1437,berdasarkan
1438,keputusan
1439,partai
1440,calon
1441,persen
1442,program
1443,jokowi
1444,gagasan
1445,kondisi
1446,negara
1447,bilamana
1448,terpilih
1449,jokowi
1450,jabat
1451,periode
1452,relawan
1453,hadiri
1454,acara
1455,deklarasi
1456,cak
1457,imin
1458,wajib
1459,calon
1460,wakil
1461,cawapres
1462,pilpres
1463,mendengar
1464,deklarasi
1465,gunung
1466,merapi
1467,erupsialam
1468,nggak
1469,dengar
1470,deklarasikan
1471,ribuan
1472,orang
1473,padati
1474,gedung
1475,joeang
1476,menteng
1477,jakpus
1478,pedagang
1479,pasar
1480,papua
1481,teriak
1482,for
1483,politikus
1484,gerindra
1485,sidak
1486,momen
1487,mesra
1488,panen
1489,raya
1490,kebumen
1491,sinyal
1492,politik
1493,pilpres
1494,nan
1495,breaking
1496,news
1497,pedagang
1498,pasar
1499,papua
1500,teriak
1501,for
1502,politikus
1503,gerindra
1504,sidak
1505,nan
1506,calonkan
1507,pramborsfm
1508,jalan
1509,santai
1510,puluhan
1511,ribu
1512,masyarakat
1513,musi
1514,banyuasin
1515,serukan
1516,sindonews
1517,nasional
1518,pdip
1519,keakraban
1520,jokowi
1521,kebumen
1522,dikaitkan
1523,pilpres
1524,breaking
1525,news
1526,pdip
1527,keakraban
1528,jokowi
1529,kebumen
1530,dikaitkan
1531,pilpres
1532,pdip
1533,keakraban
1534,jokowi
1535,kebumen
1536,dikaitkan
1537,pilpres
1538,ribuan
1539,masyarakat
1540,ikuti
1541,jalan
1542,santai
1543,gerindra
1544,seruan
1545,menggema
1546,okezone
1547,news
1548,nan
1549,menduetkan
1550,prabowoganjar
1551,pemilihan
1552,ujang
1553,prabowosubianto
1554,nan
1555,nan
1556,jokowi
1557,wakil
1558,mencalonkan
1559,pilpres
1560,pemilu
1561,pilpres
1562,jajal
1563,hercules
1564,netizen
1565,semoga
1566,tribun
1567,gorontalo
1568,breaking
1569,news
1570,pemilu
1571,pilpres
1572,jajal
1573,hercules
1574,netizen
1575,semoga
1576,tribun
1577,gorontalo
1578,chantika
1579,yom
1580,for
1581,aamiin
1582,yra
1583,wasek
1584,gerindra
1585,gelorakan
1586,semangat
1587,perjuangan
1588,rmol
1589,bengkulu
1590,nan
1591,kepemimpinan
1592,joko
1593,widodo
1594,pilpres
1595,membahas
1596,pilihan
1597,pemilu
1598,pemilihan
1599,umumpemilu
1600,gerindra
1601,mencalonkan
1602,sang
1603,ketua
1604,maju
1605,kontestasi
1606,pemilihan
1607,elektabilitas
1608,calon
1609,tertinggi
1610,berdasarkan
1611,survper
1612,pilpres
1613,melahirkan
1614,indonesia
1615,maksud
1616,besarnya
1617,jazilul
1618,kendati
1619,koalisi
1620,menetapkan
1621,calon
1622,diusung
1623,pemilu
1624,jakarta
1625,hasil
1626,survei
1627,elektabilitas
1628,calon
1629,pilpres
1630,dilaksanakan
1631,lembaga
1632,survey
1633,polling
1634,indonesia
1635,spin
1636,menempatkan
1637,urutan
1638,ahmad
1639,muzani
1640,tujuan
1641,gerindra
1642,jadikan
1643,pilpres
1644,tribun
1645,gayo
1646,memiliki
1647,modal
1648,sosial
1649,calon
1650,terang
1651,akhmad
1652,gojali
1653,meneruskan
1654,kepemimpinan
1655,jokowi
1656,memiliki
1657,modal
1658,sosial
1659,calon
1660,terang
1661,akhmad
1662,gojali
1663,indonesia
1664,polling
1665,stations
1666,ips
1667,membeberkan
1668,hasil
1669,survei
1670,elektabilitas
1671,tokoh
1672,calon
1673,capres
1674,survei
1675,pws
1676,petani
1677,buruh
1678,nelayan
1679,pilih
1680,manntaabbb
1681,pilihan
1682,logis
1683,yaaa
1684,memiliki
1685,modal
1686,sosial
1687,calon
1688,terang
1689,akhmad
1690,gojali
1691,hasibuan
1692,the
1693,next
1694,cak
1695,imin
1696,kelompok
1697,umkm
1698,bumi
1699,majapahit
1700,deklarasi
1701,jawa
1702,timur
1703,kelompok
1704,umkm
1705,bumi
1706,majapahit
1707,deklarasi
1708,jawa
1709,timur
1710,pilihan
1711,logis
1712,yaa
1713,kendati
1714,koalisi
1715,menetapkan
1716,calon
1717,diusung
1718,pemilu
1719,nan
1720,relawan
1721,ramson
1722,pantura
1723,konsolidasi
1724,pemenangan
1725,kompas
1726,tv
1727,relawan
1728,ramson
1729,pantura
1730,konsolidasi
1731,pemenangan
1732,kompas
1733,tv
1734,update
1735,hasil
1736,survei
1737,elektabilitas
1738,pemilihan
1739,jawabkarena
1740,calon
1741,prabowodan
1742,wakil
1743,udah
1744,lawan
1745,mengenal
1746,calon
1747,didu
1748,terbukti
1749,kerja
1750,nyata
1751,inismyname
1752,fahnoor
1753,intinya
1754,terima
1755,kunjungan
1756,surya
1757,paloh
1758,hambalang
1759,berkah
1760,dalem
1761,lbs
1762,semoga
1763,menerapkan
1764,budaya
1765,malu
1766,mundur
1767,menterimenteri
1768,pejabatnya
1769,harakiri
1770,mundur
1771,menjunjung
1772,moralitas
1773,kesimpulan
1774,layak
1775,kunjungi
1776,ulama
1777,jawa
1778,timur
1779,didoakan
1780,update
1781,hasil
1782,survei
1783,elektabilitas
1784,pemilihan
1785,peringati
1786,hut
1787,partai
1788,gerindra
1789,didoakan
1790,sekilas
1791,media
1792,nan
1793,update
1794,hasil
1795,survei
1796,elektabilitas
1797,pemilihan
1798,petani
1799,buruh
1800,nelayan
1801,pilih
1802,petani
1803,buruh
1804,nelayan
1805,pilih
1806,kayaknya
1807,gagal
1808,pemilunya
1809,ditunda
1810,nan
1811,nan
1812,nan
1813,kalah
1814,berkalikali
1815,mencalonkan
1816,bangkit
1817,menaati
1818,konstitusi
1819,maju
1820,pemilu
1821,setyoko
1822,harga
1823,mati
1824,jagat
1825,papua
1826,harga
1827,mati
1828,jagat
1829,papua
1830,lembaga
1831,survei
1832,political
1833,statistics
1834,polstat
1835,merilis
1836,hasil
1837,survei
1838,terbaru
1839,elektabilitas
1840,calon
1841,capres
1842,peringati
1843,hut
1844,partai
1845,gerindra
1846,didoakan
1847,sekilas
1848,media
1849,lembaga
1850,survei
1851,nasional
1852,lsn
1853,merilis
1854,hasil
1855,survei
1856,terbarunya
1857,terkait
1858,kandidat
1859,calon
1860,salah
1861,satunya
1862,memotret
1863,elektabilitas
1864,tokoh
1865,digadanggadang
1866,calon
1867,pemilu
1868,update
1869,hasil
1870,survei
1871,elektabilitas
1872,pemilihan
1873,indonesia
1874,polling
1875,stations
1876,ips
1877,membeberkan
1878,hasil
1879,survei
1880,terbaru
1881,elektabilitas
1882,tokoh
1883,calon
1884,capres
1885,setyoko
1886,survei
1887,pws
1888,petani
1889,buruh
1890,nelayan
1891,pilih
1892,palingpas
1893,bpk
1894,video
1895,hadiri
1896,forum
1897,hipmi
1898,sapa
1899,calon
1900,inismyname
1901,fahnoor
1902,maunya
1903,pemerintah
1904,rakyat
1905,pilih
1906,menghitung
1907,pilih
1908,mainan
1909,menentukan
1910,kpubawaslumentok
1911,mk
1912,tentukan
1913,kotak
1914,suara
1915,masuk
1916,pemerintahan
1917,update
1918,hasil
1919,survei
1920,elektabilitas
1921,pemilihan
1922,peringati
1923,hut
1924,partai
1925,gerindra
1926,didoakan
1927,sekilas
1928,media
1929,nan
1930,melirik
1931,khofifah
1932,indar
1933,parawansa
1934,calon
1935,wakil
1936,pemilu
1937,khofifah
1938,pilih
1939,jalan
1940,santai
1941,puluhan
1942,ribu
1943,masyarakat
1944,musi
1945,banyuasin
1946,serukan
1947,direktur
1948,eksekutif
1949,indonesia
1950,political
1951,review
1952,ipr
1953,ujang
1954,komarudin
1955,menteri
1956,bumn
1957,sosok
1958,calon
1959,wakil
1960,dipasangkan
1961,pilpres
1962,atie
1963,beliau
1964,bamyak
1965,lahirkan
1966,pemimpin
1967,beliau
1968,memimpin
1969,indonesia
1970,bissmillah
1971,sosok
1972,unggul
1973,calon
1974,pilpres
1975,versi
1976,survei
1977,lembaga
1978,geopolitik
1979,riset
1980,center
1981,grc
1982,mujani
1983,setujudari
1984,awalpemilih
1985,kelompok
1986,ituitu
1987,sajapemilih
1988,pecundang
1989,kalitahun
1990,hattrickkarena
1991,pemilihnya
1992,pembenci
1993,inibahkan
1994,berkurang
1995,dibanding
1996,pemuja
1997,sejati
1998,pilih
1999,lihat
2000,elektabilitas
2001,pilpres
2002,menempati
2003,urutan
2004,indonesia
2005,loren
2006,gk
2007,loren
2008,mimpi
2009,nonton
2010,berita
2011,thn
2012,indonesia
2013,adl
2014,wakilnya
2015,mhd
2016,nan
2017,pesan
2018,mrprabowonkri
2019,jgn
2020,sampe
2021,jatuh
2022,ketangan
2023,imigrant
2024,yamanlanjutkan
2025,rintis
2026,jokowi
2027,kabinet
2028,raw
2029,min
2030,nyalon
2031,kabar
2032,om
2033,ichu
2034,benarbenar
2035,tiket
2036,calon
2037,caloncalon
2038,layanglayang
2039,putus
2040,saksikan
2041,youtube
2042,metrotvnews
2043,ketiga
2044,nama
2045,meramaikan
2046,bursa
2047,calon
2048,pemilu
2049,diambil
2050,lembaga
2051,survei
2052,perkembangandata
2053,terkini
2054,terkait
2055,elektabilitas
2056,nan
2057,pkb
2058,gadang
2059,cak
2060,imin
2061,wakilnya
2062,survey
2063,polling
2064,indonesia
2065,spin
2066,merilis
2067,survei
2068,terbaru
2069,elektabilitas
2070,capres
2071,hasil
2072,survei
2073,sosok
2074,dipilih
2075,pemilu
2076,digelar
2077,inismyname
2078,fahnoor
2079,agung
2080,nan
2081,jokowi
2082,sosok
2083,erick
2084,thohir
2085,sandi
2086,uno
2087,mahfud
2088,md
2089,tokoh
2090,potensial
2091,pilpres
2092,gerindra
2093,bantul
2094,harga
2095,mati
2096,kedaulatan
2097,rakyat
2098,kir
2099,pkb
2100,nan
2101,november
2102,ribuan
2103,relawannya
2104,memilih
2105,pemimpin
2106,memikirkan
2107,rakyat
2108,nan
2109,nan
2110,mengatasi
2111,situasi
2112,politik
2113,indonesia
2114,terpolarisasi
2115,terpecah
2116,pecah
2117,percaya
2118,sosok
2119,melanjutkan
2120,pemerintahan
2121,maju
2122,pakkkk
2123,nan
2124,merindukan
2125,sosok
2126,melunasi
2127,hutang
2128,indonesia
2129,memerintah
2130,rosiade
2131,jgn
2132,mlempem
2133,lho
2134,kena
2135,siram
2136,dollars
2137,singapura
2138,hehehe
2139,gass
2140,nan
2141,terpilih
2142,mas
2143,amin
2144,next
2145,meneruskan
2146,program
2147,selesai
2148,indonesia
2149,macan
2150,dunia
2151,survei
2152,populi
2153,center
2154,mayoritas
2155,publik
2156,pilpres
2157,diikuti
2158,paslon
2159,kalahkan
2160,populi
2161,center
2162,merilis
2163,hasil
2164,survei
2165,terbarunya
2166,terkait
2167,dinamika
2168,politik
2169,elektabilitas
2170,calon
2171,capres
2172,pemilu
2173,ridwan
2174,kamil
2175,survei
2176,populi
2177,center
2178,mayoritas
2179,publik
2180,pilpres
2181,diikuti
2182,paslon
2183,kalahkan
2184,populi
2185,center
2186,merilis
2187,hasil
2188,survei
2189,terbarunya
2190,terkait
2191,dinamika
2192,politik
2193,elektabilitas
2194,calon
2195,capres
2196,pemilu
2197,ridwan
2198,kamil
2199,kunker
2200,surabaya
2201,serahkan
2202,kendaraan
2203,operasional
2204,babinsa
2205,kodam
2206,brawijaya
2207,nan
2208,berjuang
2209,tulis
2210,akun
2211,dikutip
2212,akun
2213,tiktok
2214,senin
2215,pertempuran
2216,sengit
2217,penentu
2218,calon
2219,cak
2220,imin
2221,koalisi
2222,gerindrapkb
2223,berdiskusi
2224,terkait
2225,calon
2226,calon
2227,wakil
2228,menyebut
2229,keputusan
2230,terkait
2231,sandi
2232,janji
2233,maju
2234,pilpres
2235,maju
2236,nyapres
2237,kebelet
2238,digadanggadang
2239,mencalonkan
2240,deklarasikan
2241,calon
2242,gerindra
2243,kudus
2244,singgung
2245,ramalan
2246,gus
2247,dur
2248,rosiade
2249,nan
2250,pilih
2251,for
2252,menteri
2253,izin
2254,memeperjuangkan
2255,teken
2256,kontrakpspm
2257,wapres
2258,rakyatnya
2259,elus
2260,dada
2261,nan
2262,folbek
2263,yah
2264,nan
2265,abu
2266,janda
2267,meleset
2268,giveaway
2269,rp
2270,juta
2271,catat
2272,pengen
2273,dapet
2274,merchandise
2275,plus
2276,tanda
2277,tangan
2278,nambah
2279,susah
2280,dapet
2281,tanda
2282,tangan
2283,udah
2284,nan
2285,rosiade
2286,th
2287,gagal
2288,kmd
2289,th
2290,capres
2291,maju
2292,kontestasi
2293,pilples
2294,gitu
2295,maksud
2296,tanggapan
2297,de
2298,gadjah
2299,aka
2300,big
2301,daddy
2302,orang
2303,menganggap
2304,politik
2305,kotor
2306,licik
2307,gerindra
2308,kali
2309,maheswari
2310,nan
2311,akbar
2312,sekjen
2313,gerindra
2314,pasang
2315,bendera
2316,kampungkampung
2317,tinggal
2318,kader
2319,sekjen
2320,gerindra
2321,pasang
2322,bendera
2323,kampungkampung
2324,tinggal
2325,kader
2326,nan
2327,nan
2328,rakyat
2329,indonesia
2330,perubahan
2331,pilihlah
2332,calon
2333,sebelas
2334,belas
2335,pilihlah
2336,pilpres
2337,nan
2338,nan
2339,akbar
2340,nan
2341,nan
2342,nan
2343,vito
2344,nan
2345,nan
2346,rosiade
2347,kali
2348,dukungpilih
2349,vito
2350,nan
2351,menyinggung
2352,ihwal
2353,sosok
2354,mendampinginya
2355,berlaga
2356,pemilihan
2357,pilpres
2358,gerindra
2359,terjebak
2360,perjanjian
2361,pilpres
2362,batu
2363,tulis
2364,terbukti
2365,gagal
2366,mengantarkan
2367,lantik
2368,tulisan
2369,tangan
2370,fadlizon
2371,adl
2372,episode
2373,pilpres
2374,nan
2375,nan
2376,ketar
2377,ketir
2378,pencalonan
2379,sbg
2380,thn
2381,jiwa
2382,nasionalisme
2383,bpk
2384,gembar
2385,gemborkan
2386,slm
2387,alasan
2388,bpk
2389,mentrinya
2390,jkwi
2391,mhn
2392,maaf
2393,kmi
2394,menganggap
2395,bullshit
2396,jiwa
2397,kerdil
2398,ket
2399,gbr
2400,pilpres
2401,nan
2402,survei
2403,beliau
2404,bertiga
2405,kontestan
2406,pilpres
2407,klo
2408,milih
2409,berdasarkan
2410,survei
2411,mampus
2412,hancur
2413,negara
2414,inismyname
2415,dgnputra
2416,gerindra
2417,fahnoor
2418,tiyan
2419,beliau
2420,pinya
2421,wewenang
2422,penuh
2423,ubah
2424,aturan
2425,stop
2426,kebijakan
2427,rugikanbamgsa
2428,memangnya
2429,cocok
2430,rosiade
2431,jokowi
2432,prediksi
2433,gerindra
2434,wis
2435,wayahe
2436,nasional
2437,suara
2438,ketua
2439,pedagang
2440,pasar
2441,umkm
2442,mayoritas
2443,memilih
2444,calon
2445,skrinsut
2446,cuitan
2447,awak
2448,thn
2449,kek
2450,kek
2451,kek
2452,puan
2453,kek
2454,kek
2455,ttap
2456,awak
2457,nyinyirin
2458,jk
2459,kbijakannya
2460,pro
2461,rakyat
2462,awak
2463,kyak
2464,klen
2465,tipikal
2466,manusia
2467,pemuja
2468,kalap
2469,or
2470,mabok
2471,kpd
2472,ssorg
2473,paham
2474,klen
2475,bong
2476,wis
2477,wayahe
2478,indonesia
2479,dodik
2480,gerindra
2481,pastikan
2482,proyek
2483,ikn
2484,terpilih
2485,gerindra
2486,pastikan
2487,lanjutkan
2488,kerja
2489,jokowi
2490,tujuannya
2491,tribun
2492,gorontalo
2493,gelar
2494,konsolidasi
2495,daerah
2496,gerindra
2497,kalsel
2498,gaungkan
2499,the
2500,next
2501,jejakrekam
2502,gelar
2503,konsolidasi
2504,daerah
2505,gerindra
2506,kalsel
2507,gaungkan
2508,the
2509,next
2510,jejakrekam
2511,jelang
2512,pemilu
2513,perayaan
2514,hut
2515,gerindra
2516,menggema
2517,ka
2518,update
2519,hasil
2520,survei
2521,elektabilitas
2522,pemilihan
2523,update
2524,hasil
2525,survei
2526,pemilihan
2527,update
2528,hasil
2529,survei
2530,elektabilitas
2531,pemilihan
2532,update
2533,hasil
2534,survei
2535,pemilihan
2536,gerindra
2537,jamin
2538,lanjutkan
2539,ikn
2540,nusantara
2541,terpilih
2542,gerindra
2543,melanjutkan
2544,pembangunan
2545,ikn
2546,nusantara
2547,terpilih
2548,gerindra
2549,pastikan
2550,lanjutkan
2551,proyek
2552,ikn
2553,gerindra
2554,pastikan
2555,lanjutkan
2556,proyek
2557,ikn
2558,gerindra
2559,pastikan
2560,proyek
2561,ikn
2562,terpilih
2563,gerindra
2564,pastikan
2565,proyek
2566,ikn
2567,terpilih
2568,detiknews
2569,gerindra
2570,pastikan
2571,proyek
2572,ikn
2573,terpilih
2574,detiknews
2575,itukan
2576,pemilu
2577,donk
2578,calon
2579,ad
2580,ganggu
2581,cerita
2582,beda
2583,dooonk
2584,rakyat
2585,memanggil
2586,rakyat
2587,butuh
2588,martabat
2589,bangsa
2590,prabowopresiden
2591,hadir
2592,acara
2593,dibacakan
2594,surat
2595,al
2596,fatihah
2597,nan
2598,lawan
2599,oligarki
2600,menyengsarakan
2601,rakyat
2602,selamatkan
2603,indonesia
2604,nan
2605,saiful
2606,mujani
2607,research
2608,and
2609,consulting
2610,smrc
2611,saiful
2612,mujani
2613,potensi
2614,ridwan
2615,kamil
2616,menghambat
2617,digadang
2618,calon
2619,teriakan
2620,histeris
2621,emakemak
2622,banyuwangi
2623,doakan
2624,saiful
2625,mujani
2626,research
2627,and
2628,consulting
2629,smrc
2630,saiful
2631,mujani
2632,potensi
2633,ridwan
2634,kamil
2635,menghambat
2636,digadang
2637,calon
2638,chotimah
2639,hidup
2640,he
2641,posting
2642,foto
2643,adipati
2644,mangkunegara
2645,netizen
2646,tribun
2647,gorontalo
2648,saiful
2649,mujani
2650,research
2651,and
2652,consulting
2653,smrc
2654,saiful
2655,mujani
2656,potensi
2657,ridwan
2658,kamil
2659,menghambat
2660,digadang
2661,calon
2662,saiful
2663,mujani
2664,research
2665,and
2666,consulting
2667,smrc
2668,saiful
2669,mujani
2670,potensi
2671,ridwan
2672,kamil
2673,menghambat
2674,digadang
2675,calon
2676,saiful
2677,mujani
2678,research
2679,and
2680,consulting
2681,smrc
2682,saiful
2683,mujani
2684,potensi
2685,ridwan
2686,kamil
2687,menghambat
2688,digadang
2689,calon
2690,permadi
2691,arya
2692,ketua
2693,gerindra
2694,kudus
2695,angkat
2696,suara
2697,samin
2698,news
2699,gerindra
2700,sulsel
2701,pasang
2702,spanduk
2703,bergambar
2704,permadi
2705,arya
2706,ketua
2707,gerindra
2708,kudus
2709,angkat
2710,suara
2711,samin
2712,news
2713,banyaknya
2714,program
2715,diambil
2716,menteri
2717,kayaknya
2718,emang
2719,beliau
2720,cocok
2721,republik
2722,indonesia
2723,periode
2724,penilaian
2725,saudara
2726,pemilihan
2727,sandiaga
2728,salahuddin
2729,uno
2730,tangkil
2731,karya
2732,pujawali
2733,ring
2734,pura
2735,dalem
2736,kahyangan
2737,desa
2738,pakraman
2739,denpasar
2740,nan
2741,id
2742,nan
2743,pilih
2744,indonesia
2745,ridwan
2746,kamil
2747,jokowi
2748,erlangga
2749,erick
2750,thohir
2751,puan
2752,maharani
2753,total
2754,votes
2755,pilih
2756,indonesia
2757,ridwan
2758,kamil
2759,jokowi
2760,erick
2761,thohir
2762,erlangga
2763,puan
2764,maharani
2765,vote
2766,pilih
2767,indonesia
2768,erlangga
2769,jokowi
2770,ridwan
2771,kamil
2772,erick
2773,thohir
2774,puan
2775,maharani
2776,total
2777,votes
2778,klik
2779,link
2780,simak
2781,ahli
2782,tarot
2783,ramal
2784,keturunan
2785,jawa
2786,suka
2787,pakai
2788,topi
2789,poskota
2790,terbaru
2791,hasil
2792,survei
2793,lembaga
2794,survei
2795,polling
2796,indonesia
2797,spin
2798,terkait
2799,calon
2800,capres
2801,pilpres
2802,nan
2803,zuki
2804,hasil
2805,survei
2806,calon
2807,elektabilitas
2808,tertinggi
2809,nama
2810,muncul
2811,calon
2812,mendominasi
2813,hasil
2814,survei
2815,calon
2816,smrc
2817,internasional
2818,kontan
2819,bendera
2820,mejeng
2821,jelang
2822,kunjungan
2823,menhan
2824,medan
2825,detiksumut
2826,bendera
2827,mejeng
2828,jelang
2829,kunjungan
2830,menhan
2831,medan
2832,detiksumut
2833,ketidakadilan
2834,ekonomi
2835,menyebabkan
2836,rakyat
2837,hidup
2838,keadn
2839,miskin
2840,susah
2841,beneran
2842,deh
2843,anak
2844,milenial
2845,hasil
2846,survei
2847,calon
2848,elektabilitas
2849,tertinggi
2850,nama
2851,muncul
2852,calon
2853,zuki
2854,nan
2855,kucing
2856,kucing
2857,izin
2858,nanya
2859,andai
2860,bpk
2861,terpilih
2862,solusi
2863,bpk
2864,mengurangi
2865,pengangguran
2866,indonesia
2867,perusahaan
2868,pendidikan
2869,sarjana
2870,minimal
2871,kebanyakan
2872,lulusan
2873,adlh
2874,smasmk
2875,pengalaman
2876,kerja
2877,tweet
2878,pilpres
2879,fokus
2880,isu
2881,lanjutkan
2882,jokowi
2883,perubahan
2884,denny
2885,calon
2886,memiliki
2887,elektabilitas
2888,tertinggi
2889,pilih
2890,indonesia
2891,erick
2892,thohir
2893,jokowi
2894,ridwan
2895,kamil
2896,erlangga
2897,puan
2898,maharani
2899,total
2900,votes
2901,for
2902,koslap
2903,ketua
2904,pbhi
2905,julius
2906,ibrani
2907,jokowi
2908,mempolitisasi
2909,intelijen
2910,menjelang
2911,pemilu
2912,pernyataan
2913,menanggapi
2914,permintaan
2915,jokowi
2916,menhan
2917,mengorkestrasi
2918,intelijen
2919,lt
2920,rosiade
2921,pkb
2922,bismillah
2923,perjuangan
2924,inismyname
2925,wajib
2926,zaman
2927,berat
2928,dunia
2929,terhempas
2930,kesulitan
2931,massal
2932,tekanan
2933,negeri
2934,kencang
2935,indonesia
2936,membutuhkan
2937,masak
2938,pohon
2939,karbitan
2940,tergelincir
2941,istilah
2942,king
2943,maker
2944,bangsa
2945,afdol
2946,fokus
2947,doa
2948,buka
2949,puasa
2950,senin
2951,dihati
2952,rajab
2953,semoga
2954,gus
2955,muhaimin
2956,wapresnya
2957,amin
2958,yra
2959,inismyname
2960,pkb
2961,terlepas
2962,hak
2963,politik
2964,prabowoselain
2965,presidenapa
2966,tujuan
2967,beliau
2968,maju
2969,beliau
2970,king
2971,maker
2972,guru
2973,bangsa
2974,kunjungi
2975,ulama
2976,jatim
2977,doa
2978,mulus
2979,rmol
2980,kunjungi
2981,ulama
2982,jatim
2983,doa
2984,mulus
2985,rmol
2986,gerindra
2987,rakornas
2988,kesira
2989,kesehatan
2990,indonesia
2991,raya
2992,mengajak
2993,dokter
2994,perawat
2995,tenaga
2996,kesehatan
2997,berjuang
2998,kesehatan
2999,rakyat
3000,indonesia
3001,masuk
3002,politik
3003,menunggu
3004,kartu
3005,truf
3006,megawatu
3007,pertarungan
3008,pemimpin
3009,pemilu
3010,airlangga
3011,hartarto
3012,game
3013,changer
3014,mengubah
3015,arus
3016,politik
3017,membangun
3018,kib
3019,tiket
3020,pasangan
3021,capres
3022,andre
3023,rosiade
3024,tokoh
3025,pemersatu
3026,bangsa
3027,cocok
3028,padang
3029,express
3030,nan
3031,joko
3032,widodo
3033,mempermasalahkan
3034,pernyataannya
3035,terkait
3036,jatah
3037,pilpres
3038,dianggap
3039,sinyal
3040,dukungannya
3041,menteri
3042,pertahanan
3043,gerindra
3044,kadernya
3045,pasang
3046,spanduk
3047,thn
3048,pilih
3049,klo
3050,nyalonin
3051,prasetyawatidprdprovinsijabardapilkabbogor
3052,nan
3053,kandidat
3054,calon
3055,capres
3056,elektabilitas
3057,mumpuni
3058,berdasarkan
3059,hasil
3060,survei
3061,charta
3062,politika
3063,litbang
3064,kompas
3065,dasco
3066,gerindra
3067,suara
3068,memutuskan
3069,mengusung
3070,maju
3071,calon
3072,capres
3073,pemilu
3074,jokowi
3075,wejangan
3076,pilpres
3077,wakil
3078,ketua
3079,dpr
3080,sufmi
3081,dasco
3082,kader
3083,gerindra
3084,mengamanatkan
3085,maju
3086,calon
3087,pilpres
3088,diikuti
3089,capres
3090,data
3091,hasil
3092,survei
3093,pasangan
3094,caprescawapres
3095,dipilih
3096,responden
3097,pemilu
3098,temuan
3099,lsj
3100,analisis
3101,crosstabulation
3102,data
3103,hasil
3104,survei
3105,pilihan
3106,responden
3107,pilpres
3108,dilaksanakan
3109,catatan
3110,jkw
3111,lagilagi
3112,bacalon
3113,gigit
3114,jari
3115,belio
3116,hadir
3117,acara
3118,hut
3119,perindo
3120,pd
3121,november
3122,silam
3123,jakarta
3124,joko
3125,widodo
3126,mempermasalahkan
3127,pernyataannya
3128,terkait
3129,jatah
3130,pilpres
3131,dianggap
3132,sinyal
3133,dukungannya
3134,menteri
3135,pertahanan
3136,maju
3137,setelahnya
3138,gp
3139,melanjutkan
3140,cocok
3141,lsj
3142,responden
3143,dipilih
3144,pilpres
3145,diikuti
3146,nama
3147,lembaga
3148,survei
3149,lsj
3150,merilis
3151,data
3152,pilpres
3153,diikuti
3154,capres
3155,nan
3156,lsj
3157,responden
3158,dipilih
3159,pilpres
3160,diikuti
3161,nama
3162,lembaga
3163,survei
3164,lsj
3165,merilis
3166,data
3167,pilpres
3168,diikuti
3169,capres
3170,jokowi
3171,king
3172,maker
3173,pasangan
3174,caprescawapres
3175,prabowoganjar
3176,pilpres
3177,jokowi
3178,pilpres
3179,jatahnya
3180,rivalnya
3181,pilpres
3182,joko
3183,widodo
3184,mempermasalahkan
3185,pernyataannya
3186,terkait
3187,jatah
3188,pilpres
3189,dianggap
3190,sinyal
3191,dukungannya
3192,menteri
3193,pertahanan
3194,salah
3195,tokoh
3196,memiliki
3197,elektabilitas
3198,tertinggi
3199,maju
3200,calon
3201,capres
3202,pilpres
3203,in
3204,case
3205,terpilih
3206,beliau
3207,mundur
3208,sbg
3209,jk
3210,anak
3211,buahnya
3212,korupsi
3213,makna
3214,sila
3215,mengakui
3216,persamaan
3217,derajat
3218,persamaan
3219,hak
3220,kewajiban
3221,asasi
3222,manusia
3223,membedabedakan
3224,suku
3225,keturunan
3226,agama
3227,kepercayaan
3228,jenis
3229,kelamin
3230,kedudukan
3231,sosial
3232,warna
3233,kulit
3234,bpip
3235,vito
3236,aaaamiiiin
3237,bismillah
3238,joko
3239,widodo
3240,mempermasalahkan
3241,pernyataannya
3242,terkait
3243,jatah
3244,pilpres
3245,dianggap
3246,sinyal
3247,dukungannya
3248,menteri
3249,pertahanan
3250,lsj
3251,menyimulasikan
3252,pilpres
3253,diikuti
3254,capres
3255,indonesia
3256,jaya
3257,negeriprabowo
3258,ngeriiiiii
3259,barang
3260,inismyname
3261,wes
3262,wayahe
3263,awak
3264,media
3265,jokowi
3266,pesanpesan
3267,menghadapi
3268,pilpres
3269,pernyataan
3270,jokowi
3271,jatah
3272,pilpres
3273,pakde
3274,jokowi
3275,kode
3276,keras
3277,joko
3278,widodo
3279,mempermasalahkan
3280,pernyataannya
3281,terkait
3282,jatah
3283,pilpres
3284,dianggap
3285,sinyal
3286,dukungannya
3287,menteri
3288,pertahanan
3289,lembaga
3290,survei
3291,nasional
3292,lsn
3293,merilis
3294,elektabilitas
3295,tokohtokoh
3296,masuk
3297,bursa
3298,calon
3299,capres
3300,pulau
3301,jawa
3302,dikutip
3303,bismillah
3304,tulis
3305,akun
3306,nurarifin
3307,aminnnnnn
3308,emang
3309,cocok
3310,si
3311,gading
3312,arifin
3313,the
3314,one
3315,and
3316,only
3317,nan
3318,nan
3319,dipemilu
3320,mantan
3321,rival
3322,udah
3323,bilang
3324,si
3325,harunya
3326,tondotondo
3327,mah
3328,calon
3329,aamiin
3330,bawa
3331,perubahan
3332,negeri
3333,wis
3334,wayahe
3335,meneruskan
3336,tongkat
3337,estafet
3338,kepemimpinan
3339,jokowi
3340,nan
3341,wejangan
3342,cak
3343,nun
3344,fahri
3345,hamzah
3346,pemilu
3347,bismillah
3348,pro
3349,mega
3350,center
3351,mengusulkan
3352,ketum
3353,pdip
3354,megawati
3355,soekarnoputri
3356,ketum
3357,gerindra
3358,megaprabowo
3359,maju
3360,pilpres
3361,merespon
3362,gagasan
3363,elite
3364,pdip
3365,junimart
3366,girsang
3367,mengusulkan
3368,puan
3369,maharani
3370,calon
3371,kader
3372,gerindra
3373,diperintahkan
3374,pasang
3375,spandukbendera
3376,jelang
3377,hut
3378,partai
3379,sekjen
3380,gerindra
3381,instruksikan
3382,kader
3383,pasang
3384,bendera
3385,spanduk
3386,jelang
3387,hut
3388,partai
3389,sekjen
3390,gerindra
3391,instruksikan
3392,kader
3393,pasang
3394,bendera
3395,spanduk
3396,jelang
3397,hut
3398,gerindra
3399,instruksikan
3400,kader
3401,pasang
3402,spanduk
3403,jelang
3404,hut
3405,gerindra
3406,instruksikan
3407,kader
3408,pasang
3409,spanduk
3410,jelang
3411,hut
3412,gerindra
3413,instruksikan
3414,kader
3415,pasang
3416,spanduk
3417,jelang
3418,hut
3419,gerindra
3420,muzani
3421,instruksikan
3422,kader
3423,pasang
3424,spanduk
3425,muzani
3426,perintahkan
3427,kader
3428,gerindra
3429,pasang
3430,bendera
3431,spanduk
3432,jelang
3433,hut
3434,gerindra
3435,muzani
3436,instruksikan
3437,kader
3438,pasang
3439,spanduk
3440,rahajeng
3441,kuningan
3442,semeton
3443,dumogi
3444,rahayu
3445,sareng
3446,sami
3447,salam
3448,no
3449,drama
3450,rahajeng
3451,rahina
3452,kuningan
3453,dumogi
3454,rahayu
3455,sareng
3456,sami
3457,dasco
3458,bahwagerindratelah
3459,suara
3460,memutuskan
3461,mengusung
3462,maju
3463,calon
3464,capres
3465,pemilu
3466,nan
3467,indonesia
3468,anwar
3469,ibrahim
3470,pm
3471,malaysia
3472,tua
3473,wis
3474,wayahe
3475,negara
3476,butuh
3477,indonesia
3478,kerja
3479,teruskan
3480,kinerjanya
3481,melanjutkan
3482,indonesia
3483,jayaprabowo
3484,negeriprabowo
3485,nan
3486,marak
3487,tindakan
3488,persekusi
3489,warga
3490,berkumpul
3491,pendapat
3492,indonesia
3493,mengganti
3494,pilpres
3495,konstitusional
3496,memiliki
3497,perjuangan
3498,anwar
3499,ibrahim
3500,didoakan
3501,jelang
3502,pilpres
3503,pertemuan
3504,intim
3505,jokowi
3506,enggan
3507,isi
3508,pembicaraan
3509,peramal
3510,hard
3511,gumay
3512,bukabukaan
3513,ciriciri
3514,paranormal
3515,hard
3516,gumay
3517,beberkan
3518,ciriciri
3519,paranormal
3520,hard
3521,gumay
3522,beberkan
3523,ciriciri
3524,paranormal
3525,hard
3526,gumay
3527,beberkan
3528,ciriciri
3529,nan
3530,dagang
3531,pilih
3532,jokowi
3533,erick
3534,thohir
3535,emil
3536,puang
3537,maharani
3538,total
3539,votes
3540,vote
3541,klik
3542,link
3543,akbar
3544,gk
3545,metani
3546,dosa
3547,orang
3548,aje
3549,kerjanyapresiden
3550,cari
3551,pribumi
3552,selesai
3553,gk
3554,berisikcukup
3555,memutuskan
3556,maju
3557,calon
3558,pilpres
3559,foto
3560,fotomuhammad
3561,adimajafoc
3562,laman
3563,foto
3564,etkleesegh
3565,akbar
3566,jgn
3567,antitesa
3568,berjuang
3569,membangun
3570,era
3571,jokowiteruskan
3572,dirintis
3573,maju
3574,lbh
3575,nkri
3576,sambal
3577,orang
3578,indonesia
3579,nafsu
3580,makan
3581,nafsu
3582,makan
3583,berjuang
3584,eaaaaa
3585,indonesia
3586,suka
3587,makan
3588,sambal
3589,loh
3590,bro
3591,sist
3592,pilih
3593,puang
3594,maharani
3595,erick
3596,thohir
3597,jokowi
3598,erlangga
3599,emil
3600,total
3601,votes
3602,vote
3603,klik
3604,link
3605,pilih
3606,erick
3607,thohir
3608,emil
3609,erlangga
3610,jokowi
3611,puang
3612,maharani
3613,total
3614,votes
3615,vote
3616,klik
3617,link
3618,maju
3619,calon
3620,budi
3621,mewujudkan
3622,pernyataan
3623,jokowi
3624,terkait
3625,jatah
3626,cekidot
3627,pantaskah
3628,indonesia
3629,iallah
3630,dipemilu
3631,komandan
3632,hard
3633,gumay
3634,bilang
3635,terpilih
3636,badannya
3637,gempal
3638,kulit
3639,kuning
3640,langsat
3641,nan
3642,skenario
3643,pilpres
3644,lawan
3645,ridwan
3646,kamil
3647,yuk
3648,voting
3649,calon
3650,lihat
3651,hasilnya
3652,republik
3653,indonesia
3654,megawati
3655,menetapkan
3656,calon
3657,diusung
3658,pdi
3659,perjuangan
3660,kib
3661,bubar
3662,mikir
3663,maju
3664,pilpres
3665,head
3666,to
3667,head
3668,itupun
3669,mulus
3670,indonesia
3671,raya
3672,ajak
3673,rakyat
3674,hindari
3675,perpecahan
3676,netizen
3677,semoga
3678,indonesia
3679,raya
3680,ajak
3681,rakyat
3682,hindari
3683,perpecahan
3684,netizen
3685,semoga
3686,nan
3687,ojo
3688,lali
3689,yo
3690,wis
3691,wayahe
3692,nan
3693,hasil
3694,survei
3695,elektabilitas
3696,calon
3697,ridwan
3698,kamil
3699,agus
3700,harimurti
3701,yudhoyono
3702,ahy
3703,khofifah
3704,parawansa
3705,puan
3706,maharani
3707,pendukung
3708,perang
3709,medsos
3710,terpilih
3711,pendukung
3712,santun
3713,santun
3714,ikutan
3715,perang
3716,gas
3717,usung
3718,wakil
3719,ive
3720,been
3721,there
3722,ive
3723,done
3724,that
3725,mari
3726,berjuang
3727,polling
3728,periode
3729,rasyid
3730,ridwan
3731,kamil
3732,airlangga
3733,hartarto
3734,erick
3735,thohir
3736,sandiaga
3737,uno
3738,polling
3739,calon
3740,periode
3741,rasyid
3742,ridwan
3743,kamil
3744,airlangga
3745,hartarto
3746,erick
3747,thohir
3748,sandiaga
3749,uno
3750,total
3751,suara
3752,suara
3753,klik
3754,link
3755,masyarakat
3756,lampung
3757,pilih
3758,pilpres
3759,masyarakat
3760,lampung
3761,pilih
3762,pilpres
3763,hrt
3764,twitter
3765,kegiatan
3766,bowo
3767,weekend
3768,nama
3769,memiliki
3770,elektabilitas
3771,pulau
3772,jawa
3773,calon
3774,pemilu
3775,berdasarkan
3776,riset
3777,poltracking
3778,simak
3779,video
3780,selengkapnya
3781,politik
3782,kampretcebong
3783,bersatu
3784,lawan
3785,kadrun
3786,cek
3787,fakta
3788,calon
3789,wakil
3790,pilpres
3791,wajahwajah
3792,pemimpin
3793,bangsa
3794,tengahnya
3795,pimpin
3796,bangsa
3797,maju
3798,trs
3799,mr
3800,nan
3801,hadapan
3802,bupati
3803,herman
3804,ahmad
3805,muzani
3806,larut
3807,kesedihan
3808,cianjur
3809,bangkit
3810,fraksi
3811,gerindra
3812,kawal
3813,realisasi
3814,janji
3815,korban
3816,gempa
3817,cianjur
3818,nan
3819,nan
3820,maklumprabowo
3821,rosiade
3822,nan
3823,mbok
3824,bener
